account_id,customer_id,account_type,account_open_date,branch_id,current_balance,account_status
A00001,C0001,Savings,2021-04-12,B004,71256.37,Active
A00002,C0002,Savings,2025-10-18,B013,48943.89,Active
A00003,C0003,Savings,2022-07-16,B007,46045.61,Active
A00004,C0004,Savings,2022-06-12,B009,46046.1,Active
A00005,C0005,Salary,2023-02-10,B013,184984.2,Active
A00006,C0005,Savings,2023-01-28,B001,82529.05,Active
A00007,C0006,Salary,2024-01-29,B005,59134.2,Active
A00008,C0007,Savings,2021-01-13,B002,73088.19,Active
A00009,C0008,Savings,2024-04-03,B009,61632.52,Active
A00010,C0008,Savings,2024-03-04,B011,12073.13,Active
A00011,C0009,Savings,2021-12-11,B004,26621.96,Dormant
A00012,C0009,Salary,2021-12-02,B007,96403.54,Active
A00013,C0010,Savings,2022-06-19,B012,116950.21,Active
A00014,C0011,Savings,2023-02-20,B011,46294.12,Active
A00015,C0012,Savings,2025-04-02,B009,37456.37,Active
A00016,C0012,Salary,2025-02-28,B011,85558.04,Active
A00017,C0013,Current,2024-11-17,B007,210607.64,Active
A00018,C0014,Savings,2020-07-24,B003,44362.63,Active
A00019,C0015,Savings,2025-04-07,B011,52893.73,Active
A00020,C0016,Current,2023-01-23,B003,159306.74,Active
A00021,C0017,Current,2023-01-01,B002,438240.89,Active
A00022,C0018,Savings,2025-10-29,B004,22571.75,Active
A00023,C0019,Savings,2026-01-07,B012,20652.66,Active
A00024,C0020,Savings,2023-07-27,B004,60024.62,Dormant
A00025,C0021,Savings,2020-10-15,B011,81269.78,Dormant
A00026,C0022,Current,2026-01-30,B003,320375.86,Active
A00027,C0022,Savings,2026-01-16,B012,49644.74,Active
A00028,C0023,Savings,2023-07-16,B005,44091.37,Active
A00029,C0024,Savings,2023-12-09,B001,39659.18,Active
A00030,C0025,Savings,2022-08-02,B012,95844.72,Active
A00031,C0026,Savings,2022-06-04,B014,64633.51,Active
A00032,C0027,Savings,2024-09-02,B008,41719.29,Active
A00033,C0028,Savings,2020-08-20,B006,34139.27,Active
A00034,C0029,Savings,2022-11-08,B014,75908.73,Active
A00035,C0030,Savings,2022-12-10,B015,94589.15,Active
A00036,C0031,Current,2020-03-11,B014,460371.9,Active
A00037,C0032,Savings,2020-10-10,B010,30351.74,Active
A00038,C0032,Current,2020-09-19,B013,248469.52,Active
A00039,C0033,Salary,2023-05-10,B012,58746.57,Active
A00040,C0033,Salary,2023-05-09,B002,71244.94,Active
A00041,C0034,Savings,2020-09-06,B006,84514.97,Active
A00042,C0035,Salary,2026-01-30,B010,166533.19,Active
A00043,C0036,Current,2022-09-23,B006,352292.42,Active
A00044,C0036,Current,2022-09-17,B002,205191.19,Active
A00045,C0037,Savings,2024-10-24,B011,52171.8,Active
A00046,C0038,Current,2024-06-12,B010,604228.45,Active
A00047,C0038,Salary,2024-08-02,B009,84340.64,Active
A00048,C0039,Savings,2025-03-23,B013,44151.7,Active
A00049,C0040,Savings,2023-12-14,B009,46475.78,Active
A00050,C0041,Salary,2023-06-22,B002,98801.15,Active
A00051,C0042,Savings,2021-08-01,B008,31046.06,Active
A00052,C0043,Current,2022-05-18,B001,222988.14,Active
A00053,C0043,Savings,2022-05-12,B009,89164.6,Active
A00054,C0044,Salary,2022-11-13,B011,97210.4,Dormant
A00055,C0045,Current,2023-02-06,B008,308457.21,Active
A00056,C0046,Salary,2021-10-01,B014,137454.85,Active
A00057,C0046,Salary,2021-10-02,B010,50299.91,Active
A00058,C0047,Savings,2023-08-03,B002,43331.72,Active
A00059,C0048,Savings,2024-09-11,B011,63600.94,Active
A00060,C0049,Current,2020-06-07,B001,335168.81,Active
A00061,C0050,Current,2021-11-09,B012,125548.35,Active
A00062,C0051,Savings,2025-04-23,B015,40740.97,Active
A00063,C0052,Salary,2023-03-08,B012,72355.92,Active
A00064,C0053,Salary,2023-10-31,B014,101471.82,Active
A00065,C0054,Savings,2021-04-26,B011,62194.86,Dormant
A00066,C0055,Savings,2025-11-11,B009,50938.7,Active
A00067,C0056,Salary,2025-12-28,B008,18009.97,Active
A00068,C0056,Salary,2025-12-13,B003,78708.11,Active
A00069,C0057,Savings,2023-08-20,B007,55324.73,Active
A00070,C0058,Savings,2023-05-22,B007,181012.48,Closed
A00071,C0058,Salary,2023-05-11,B013,70941.46,Active
A00072,C0059,Salary,2022-02-02,B008,95700.71,Active
A00073,C0059,Savings,2022-02-07,B012,100041.78,Active
A00074,C0060,Current,2024-11-15,B014,424255.98,Active
A00075,C0061,Current,2021-12-09,B004,564972.0,Active
A00076,C0061,Savings,2022-01-23,B006,19400.66,Active
A00077,C0062,Current,2022-09-21,B003,166255.21,Active
A00078,C0062,Current,2022-08-27,B012,214853.93,Active
A00079,C0063,Current,2025-06-14,B011,114141.74,Active
A00080,C0064,Salary,2024-06-16,B005,83406.11,Active
A00081,C0065,Savings,2021-04-05,B001,28588.11,Active
A00082,C0066,Savings,2020-09-12,B013,121658.26,Active
A00083,C0067,Savings,2023-07-26,B014,31624.33,Active
A00084,C0068,Salary,2025-01-22,B001,65236.78,Active
A00085,C0069,Salary,2025-12-10,B012,126838.47,Dormant
A00086,C0070,Current,2023-11-08,B004,142294.49,Active
A00087,C0071,Savings,2022-05-29,B011,16175.66,Dormant
A00088,C0072,Salary,2024-10-06,B011,89390.35,Closed
A00089,C0073,Current,2024-06-24,B004,334972.55,Dormant
A00090,C0074,Savings,2023-12-05,B004,83159.32,Active
A00091,C0074,Current,2023-11-25,B006,380773.32,Active
A00092,C0075,Savings,2020-05-02,B012,63632.69,Active
A00093,C0076,Current,2020-08-04,B003,201006.45,Active
A00094,C0077,Savings,2024-05-06,B005,61284.0,Active
A00095,C0078,Salary,2023-12-25,B001,95233.6,Active
A00096,C0079,Savings,2021-10-06,B015,33239.34,Active
A00097,C0079,Salary,2021-10-25,B011,210634.33,Active
A00098,C0080,Salary,2022-12-07,B009,105530.54,Active
A00099,C0081,Savings,2021-12-04,B003,27413.71,Active
A00100,C0082,Savings,2024-04-11,B009,83390.6,Active
A00101,C0083,Savings,2023-06-10,B006,91389.93,Active
A00102,C0084,Salary,2020-11-08,B009,101973.79,Closed
A00103,C0085,Salary,2024-01-30,B001,68570.59,Active
A00104,C0085,Savings,2024-03-04,B015,32309.63,Active
A00105,C0086,Salary,2023-03-08,B011,76281.94,Active
A00106,C0087,Salary,2022-10-18,B007,97903.83,Active
A00107,C0087,Savings,2022-11-04,B015,53759.1,Active
A00108,C0088,Salary,2024-05-02,B008,174425.48,Active
A00109,C0089,Savings,2022-11-29,B009,76488.37,Dormant
A00110,C0089,Savings,2022-12-28,B013,29951.14,Active
A00111,C0090,Savings,2022-04-11,B011,25446.45,Active
A00112,C0091,Salary,2025-08-06,B004,106040.44,Active
A00113,C0092,Current,2024-04-01,B007,260415.79,Active
A00114,C0092,Savings,2024-02-29,B011,80216.25,Active
A00115,C0093,Savings,2023-01-17,B002,70330.31,Active
A00116,C0094,Savings,2022-02-11,B014,50989.94,Dormant
A00117,C0095,Savings,2023-04-01,B007,30182.13,Active
A00118,C0096,Savings,2026-02-06,B001,17580.2,Active
A00119,C0097,Current,2025-08-16,B001,327367.48,Active
A00120,C0098,Savings,2020-09-17,B005,22116.52,Active
A00121,C0099,Savings,2020-09-04,B015,29361.49,Active
A00122,C0100,Savings,2024-10-04,B003,58513.16,Active
A00123,C0100,Current,2024-10-21,B013,302340.89,Active
A00124,C0101,Current,2024-12-04,B005,150770.0,Dormant
A00125,C0102,Salary,2022-06-06,B011,145652.87,Dormant
A00126,C0102,Savings,2022-06-18,B014,95684.52,Active
A00127,C0103,Current,2024-09-03,B007,379515.76,Active
A00128,C0104,Savings,2025-03-31,B012,71934.87,Active
A00129,C0105,Salary,2024-11-08,B014,107977.79,Active
A00130,C0106,Current,2023-06-25,B005,1367845.11,Active
A00131,C0107,Current,2023-03-15,B001,465088.63,Active
A00132,C0108,Savings,2023-09-17,B011,77561.79,Active
A00133,C0108,Current,2023-08-19,B005,190158.2,Active
A00134,C0109,Salary,2020-04-02,B006,68950.1,Active
A00135,C0110,Savings,2025-02-11,B002,170272.66,Active
A00136,C0111,Savings,2025-04-28,B011,12639.99,Active
A00137,C0112,Current,2024-09-02,B013,226815.43,Dormant
A00138,C0113,Savings,2025-02-19,B013,97389.48,Active
A00139,C0114,Savings,2025-10-16,B006,33216.66,Active
A00140,C0115,Savings,2025-08-25,B008,78750.3,Active
A00141,C0116,Savings,2025-01-06,B011,54835.59,Active
A00142,C0117,Salary,2021-11-13,B015,52135.82,Active
A00143,C0118,Current,2021-04-13,B012,79618.9,Dormant
A00144,C0119,Current,2023-03-02,B014,322833.06,Active
A00145,C0119,Salary,2023-03-23,B004,47116.77,Active
A00146,C0120,Salary,2025-10-12,B009,74509.7,Active
A00147,C0121,Savings,2025-10-29,B015,71584.64,Active
A00148,C0122,Savings,2025-07-30,B009,86900.01,Active
A00149,C0122,Savings,2025-08-09,B001,39276.91,Active
A00150,C0123,Salary,2024-04-04,B011,52072.18,Active
A00151,C0123,Savings,2024-04-05,B003,21842.59,Active
A00152,C0124,Salary,2024-09-25,B003,133916.72,Active
A00153,C0125,Savings,2021-10-16,B013,157001.56,Active
A00154,C0125,Savings,2021-09-17,B004,94659.31,Active
A00155,C0126,Salary,2025-01-07,B007,159499.96,Dormant
A00156,C0127,Savings,2021-10-14,B011,33398.83,Active
A00157,C0127,Salary,2021-11-16,B011,103771.86,Active
A00158,C0128,Current,2023-09-18,B010,428719.03,Active
A00159,C0129,Current,2020-07-19,B015,24273.18,Active
A00160,C0130,Salary,2021-02-07,B004,39577.74,Active
A00161,C0131,Savings,2020-08-06,B013,126385.97,Dormant
A00162,C0132,Salary,2024-08-24,B008,28400.45,Active
A00163,C0133,Savings,2022-09-24,B003,115611.65,Active
A00164,C0134,Salary,2020-02-22,B011,28260.17,Active
A00165,C0135,Savings,2023-06-09,B011,27270.88,Active
A00166,C0136,Current,2025-06-03,B007,369969.28,Active
A00167,C0137,Current,2023-06-03,B003,304156.65,Active
A00168,C0138,Savings,2020-08-04,B003,41712.87,Dormant
A00169,C0138,Savings,2020-08-26,B007,123711.78,Closed
A00170,C0139,Salary,2022-03-31,B012,33391.1,Active
A00171,C0140,Savings,2023-07-19,B010,48528.06,Dormant
A00172,C0140,Savings,2023-07-15,B014,74947.51,Active
A00173,C0141,Salary,2023-10-09,B003,94570.39,Active
A00174,C0142,Current,2024-04-06,B006,207909.54,Active
A00175,C0143,Savings,2023-05-01,B007,36307.57,Active
A00176,C0144,Salary,2024-07-28,B009,129257.34,Active
A00177,C0145,Savings,2024-04-15,B008,88439.58,Active
A00178,C0146,Salary,2022-10-02,B009,96018.62,Active
A00179,C0147,Savings,2020-10-19,B010,30581.59,Active
A00180,C0148,Salary,2020-06-28,B011,55575.27,Active
A00181,C0148,Savings,2020-07-15,B001,52653.6,Active
A00182,C0149,Salary,2025-03-22,B013,85886.6,Active
A00183,C0150,Current,2021-04-03,B013,385377.41,Active
A00184,C0151,Savings,2022-10-13,B008,46998.55,Active
A00185,C0152,Savings,2024-07-22,B015,85088.49,Active
A00186,C0152,Savings,2024-08-04,B012,84558.65,Active
A00187,C0153,Savings,2020-04-21,B001,108341.16,Active
A00188,C0154,Savings,2022-05-04,B006,54022.26,Active
A00189,C0155,Savings,2020-02-15,B014,64636.57,Active
A00190,C0156,Savings,2020-05-10,B011,49194.79,Active
A00191,C0157,Salary,2020-08-13,B008,46237.67,Active
A00192,C0158,Savings,2024-02-27,B005,155013.0,Active
A00193,C0159,Current,2025-12-30,B014,508911.78,Active
A00194,C0160,Savings,2021-05-17,B012,83592.19,Active
A00195,C0161,Savings,2023-03-23,B006,52934.35,Active
A00196,C0162,Current,2024-11-21,B003,176235.11,Closed
A00197,C0163,Savings,2022-08-23,B003,91940.25,Dormant
A00198,C0164,Savings,2023-07-27,B004,48673.19,Active
A00199,C0165,Savings,2021-01-23,B007,67988.31,Active
A00200,C0166,Salary,2020-11-01,B001,55439.21,Active
A00201,C0167,Savings,2024-10-10,B001,61740.63,Active
A00202,C0168,Savings,2022-05-23,B004,38430.82,Active
A00203,C0168,Savings,2022-06-04,B012,39381.06,Active
A00204,C0169,Savings,2023-02-15,B011,61276.7,Closed
A00205,C0170,Savings,2020-05-09,B007,18641.34,Active
A00206,C0171,Savings,2023-12-09,B001,19307.4,Active
A00207,C0172,Savings,2020-06-27,B012,33141.91,Active
A00208,C0172,Current,2020-06-26,B006,261835.6,Active
A00209,C0173,Savings,2023-09-15,B015,86534.42,Active
A00210,C0174,Savings,2021-01-04,B002,48278.44,Active
A00211,C0175,Salary,2025-10-31,B013,79096.47,Dormant
A00212,C0176,Salary,2025-12-14,B010,66675.55,Active
A00213,C0176,Salary,2025-12-28,B010,96874.26,Active
A00214,C0177,Salary,2022-05-30,B008,45932.07,Active
A00215,C0178,Savings,2024-11-14,B002,49859.52,Active
A00216,C0179,Salary,2024-02-03,B011,101337.61,Active
A00217,C0180,Salary,2023-08-09,B009,91488.08,Active
A00218,C0181,Savings,2024-08-11,B002,53745.66,Active
A00219,C0181,Salary,2024-08-21,B002,81206.77,Dormant
A00220,C0182,Savings,2021-01-31,B015,71307.26,Active
A00221,C0183,Current,2023-07-06,B015,762254.24,Active
A00222,C0183,Savings,2023-07-09,B012,31992.39,Dormant
A00223,C0184,Savings,2021-06-04,B004,161583.42,Active
A00224,C0185,Savings,2021-09-01,B015,31050.51,Active
A00225,C0186,Current,2020-12-28,B013,73443.98,Active
A00226,C0187,Savings,2023-09-05,B010,37939.11,Active
A00227,C0188,Salary,2023-02-16,B014,97937.69,Active
A00228,C0188,Salary,2023-03-03,B015,211606.95,Active
A00229,C0189,Current,2020-09-23,B001,176108.58,Active
A00230,C0190,Savings,2025-09-29,B009,71066.57,Active
A00231,C0191,Savings,2022-03-26,B002,20790.96,Active
A00232,C0192,Savings,2023-11-20,B011,138296.73,Active
A00233,C0193,Savings,2024-12-20,B014,101871.78,Active
A00234,C0194,Savings,2023-11-07,B010,39430.78,Active
A00235,C0195,Savings,2023-04-26,B012,110896.1,Active
A00236,C0196,Savings,2023-07-30,B003,49679.26,Active
A00237,C0196,Current,2023-08-15,B004,526745.4,Active
A00238,C0197,Savings,2024-05-15,B007,53504.78,Active
A00239,C0198,Salary,2025-12-26,B003,82323.71,Active
A00240,C0199,Savings,2022-07-20,B015,39943.3,Active
A00241,C0200,Savings,2021-03-09,B008,76371.41,Active
A00242,C0201,Savings,2022-02-23,B002,57359.44,Active
A00243,C0201,Savings,2022-02-09,B005,71960.91,Active
A00244,C0202,Current,2025-01-16,B005,115498.3,Active
A00245,C0203,Salary,2025-04-06,B006,160336.88,Active
A00246,C0204,Current,2025-09-02,B010,600888.68,Active
A00247,C0205,Savings,2020-08-19,B013,57201.16,Active
A00248,C0206,Savings,2021-06-22,B012,152917.98,Dormant
A00249,C0207,Savings,2024-12-05,B011,133657.39,Dormant
A00250,C0208,Salary,2025-09-27,B007,115964.84,Active
A00251,C0209,Salary,2021-02-19,B002,167524.85,Active
A00252,C0210,Current,2021-08-08,B012,487180.01,Active
A00253,C0211,Salary,2022-07-27,B013,21069.86,Dormant
A00254,C0212,Savings,2024-10-11,B008,45009.54,Active
A00255,C0213,Savings,2020-04-19,B004,80368.19,Active
A00256,C0213,Current,2020-03-13,B012,620232.75,Active
A00257,C0214,Savings,2024-10-28,B015,19764.89,Active
A00258,C0215,Salary,2025-10-28,B009,22203.89,Closed
A00259,C0216,Current,2022-12-15,B002,284906.09,Dormant
A00260,C0217,Savings,2021-03-18,B012,10297.9,Active
A00261,C0218,Savings,2021-12-19,B003,50475.31,Active
A00262,C0219,Salary,2025-03-19,B014,99337.04,Active
A00263,C0220,Salary,2023-07-22,B009,42224.3,Active
A00264,C0220,Salary,2023-07-05,B009,76968.48,Active
A00265,C0221,Current,2023-04-22,B015,465326.24,Active
A00266,C0222,Savings,2024-07-18,B015,37822.05,Active
A00267,C0223,Savings,2025-11-19,B005,31403.1,Active
A00268,C0224,Savings,2023-06-09,B009,49913.55,Active
A00269,C0225,Savings,2024-10-11,B009,26164.03,Active
A00270,C0226,Salary,2024-11-16,B005,220013.27,Active
A00271,C0227,Current,2021-10-17,B013,298768.53,Active
A00272,C0228,Salary,2022-09-18,B007,50383.64,Active
A00273,C0229,Current,2025-02-09,B014,327348.72,Active
A00274,C0230,Current,2023-08-28,B009,276460.26,Active
A00275,C0231,Current,2024-05-22,B005,260768.74,Active
A00276,C0232,Savings,2023-05-08,B004,37815.72,Active
A00277,C0233,Savings,2025-02-05,B008,36651.03,Active
A00278,C0234,Savings,2023-05-14,B006,17574.84,Active
A00279,C0235,Savings,2021-08-09,B002,111589.32,Active
A00280,C0235,Current,2021-07-22,B012,390816.18,Active
A00281,C0236,Savings,2021-07-11,B006,64158.24,Active
A00282,C0237,Salary,2026-01-06,B008,73895.55,Active
A00283,C0238,Salary,2025-01-20,B003,41725.21,Active
A00284,C0239,Savings,2021-06-24,B003,32248.53,Dormant
A00285,C0240,Savings,2022-07-19,B001,19063.08,Closed
A00286,C0241,Savings,2021-06-11,B008,34880.78,Active
A00287,C0242,Savings,2021-09-29,B013,25234.55,Active
A00288,C0243,Savings,2023-01-08,B011,129589.86,Dormant
A00289,C0243,Savings,2022-12-22,B012,87620.34,Active
A00290,C0244,Savings,2023-05-11,B008,55900.29,Active
A00291,C0245,Savings,2025-02-13,B011,29859.5,Closed
A00292,C0246,Savings,2021-08-21,B001,26123.34,Active
A00293,C0247,Savings,2021-03-10,B004,47355.3,Closed
A00294,C0248,Current,2020-09-02,B012,459317.07,Active
A00295,C0249,Savings,2023-09-08,B008,19455.36,Active
A00296,C0250,Salary,2023-07-27,B013,110870.49,Active
A00297,C0251,Savings,2024-02-04,B009,34780.73,Active
A00298,C0252,Savings,2025-05-31,B009,38953.39,Active
A00299,C0253,Salary,2024-07-21,B012,82400.69,Active
A00300,C0254,Current,2023-05-24,B005,183566.42,Active
A00301,C0255,Current,2021-06-14,B009,258230.73,Active
A00302,C0256,Savings,2024-03-23,B006,28844.49,Active
A00303,C0257,Current,2020-07-13,B014,213552.87,Active
A00304,C0257,Savings,2020-06-26,B008,82003.94,Active
A00305,C0258,Savings,2021-09-04,B013,56643.74,Active
A00306,C0259,Salary,2023-12-02,B010,122744.77,Active
A00307,C0260,Savings,2021-05-05,B002,34487.29,Closed
A00308,C0261,Savings,2022-08-21,B011,74223.83,Active
A00309,C0262,Savings,2024-05-17,B007,15881.72,Active
A00310,C0263,Current,2023-08-30,B001,300761.22,Dormant
A00311,C0264,Savings,2025-05-16,B002,77026.47,Active
A00312,C0265,Current,2025-06-24,B007,105327.61,Active
A00313,C0266,Current,2024-01-14,B001,204381.5,Active
A00314,C0267,Savings,2023-05-20,B015,54896.39,Active
A00315,C0268,Salary,2025-07-09,B008,140117.67,Active
A00316,C0268,Savings,2025-07-18,B012,36623.73,Dormant
A00317,C0269,Salary,2024-07-26,B001,108863.11,Active
A00318,C0269,Savings,2024-06-08,B012,115627.8,Active
A00319,C0270,Savings,2024-12-22,B009,74487.68,Active
A00320,C0271,Savings,2023-02-19,B004,46972.95,Active
A00321,C0272,Salary,2026-01-31,B009,99594.64,Active
A00322,C0273,Salary,2021-08-08,B010,53908.95,Active
A00323,C0274,Savings,2022-04-06,B002,56211.62,Active
A00324,C0275,Savings,2022-08-19,B011,48408.79,Active
A00325,C0276,Salary,2020-06-17,B015,97705.02,Active
A00326,C0277,Salary,2020-03-26,B007,61471.12,Active
A00327,C0277,Salary,2020-03-16,B006,100921.81,Active
A00328,C0278,Savings,2025-09-13,B009,40731.71,Active
A00329,C0279,Savings,2025-02-22,B007,87143.06,Active
A00330,C0280,Current,2022-03-10,B009,246171.15,Closed
A00331,C0280,Savings,2022-03-16,B005,10621.1,Active
A00332,C0281,Salary,2022-03-19,B012,40079.38,Active
A00333,C0282,Current,2023-02-03,B015,296163.87,Active
A00334,C0283,Savings,2022-09-10,B003,128959.02,Active
A00335,C0284,Savings,2023-07-16,B013,85266.51,Active
A00336,C0285,Salary,2025-05-16,B012,13212.51,Active
A00337,C0286,Savings,2022-08-09,B014,18151.39,Active
A00338,C0287,Salary,2020-12-26,B010,150132.06,Active
A00339,C0288,Current,2021-10-24,B002,401337.87,Active
A00340,C0289,Savings,2025-07-22,B014,167178.26,Active
A00341,C0290,Salary,2020-10-10,B004,59540.18,Active
A00342,C0290,Current,2020-10-03,B001,181456.95,Active
A00343,C0291,Savings,2022-07-01,B001,55704.99,Active
A00344,C0292,Savings,2020-09-12,B004,39204.72,Active
A00345,C0293,Savings,2024-11-04,B008,94902.48,Active
A00346,C0294,Savings,2021-08-17,B005,38350.2,Active
A00347,C0295,Savings,2022-08-17,B010,44995.89,Active
A00348,C0296,Savings,2024-04-29,B009,27328.25,Active
A00349,C0297,Savings,2021-04-19,B009,82073.46,Active
A00350,C0298,Savings,2020-07-03,B010,28529.08,Active
A00351,C0299,Savings,2022-06-28,B007,68007.64,Active
A00352,C0300,Savings,2023-08-26,B007,141110.34,Active
A00353,C0301,Savings,2022-06-25,B011,13780.15,Active
A00354,C0302,Savings,2022-02-07,B014,118633.78,Active
A00355,C0303,Savings,2024-04-24,B014,63009.57,Active
A00356,C0304,Salary,2025-04-28,B014,36559.72,Active
A00357,C0305,Salary,2024-08-26,B015,85479.79,Dormant
A00358,C0306,Savings,2025-03-08,B012,80721.76,Active
A00359,C0306,Savings,2025-02-06,B001,31458.16,Active
A00360,C0307,Savings,2020-07-28,B009,70260.85,Active
A00361,C0308,Current,2023-11-08,B003,611334.79,Active
A00362,C0309,Current,2025-06-17,B011,221783.43,Active
A00363,C0310,Savings,2025-05-07,B013,27102.15,Active
A00364,C0311,Current,2021-02-11,B001,274483.09,Active
A00365,C0312,Salary,2022-07-18,B011,82761.12,Dormant
A00366,C0313,Salary,2024-09-30,B011,146468.13,Active
A00367,C0314,Salary,2025-10-03,B002,72506.21,Active
A00368,C0315,Savings,2021-12-02,B003,40571.02,Active
A00369,C0315,Savings,2022-01-04,B015,26636.9,Active
A00370,C0316,Savings,2020-09-28,B006,15487.23,Active
A00371,C0317,Savings,2022-08-27,B006,21323.04,Active
A00372,C0318,Salary,2025-06-19,B009,31848.69,Active
A00373,C0319,Salary,2026-01-29,B015,67944.65,Closed
A00374,C0320,Salary,2024-11-07,B004,26644.86,Active
A00375,C0320,Savings,2024-11-03,B003,51579.65,Active
A00376,C0321,Current,2022-12-09,B014,677516.25,Active
A00377,C0322,Current,2022-10-12,B007,501966.3,Dormant
A00378,C0323,Savings,2020-06-19,B004,45024.65,Active
A00379,C0324,Salary,2021-12-10,B014,283885.28,Active
A00380,C0325,Savings,2021-02-21,B003,55290.87,Closed
A00381,C0326,Savings,2025-06-06,B015,60067.86,Dormant
A00382,C0326,Savings,2025-06-04,B009,48756.11,Dormant
A00383,C0327,Savings,2020-05-23,B015,52270.75,Active
A00384,C0328,Salary,2024-07-15,B007,56221.64,Active
A00385,C0329,Salary,2023-11-18,B011,68147.57,Active
A00386,C0330,Savings,2024-12-06,B003,119076.69,Active
A00387,C0331,Current,2023-10-04,B010,528619.02,Active
A00388,C0331,Current,2023-10-11,B004,76560.52,Active
A00389,C0332,Salary,2024-12-05,B003,28959.91,Active
A00390,C0333,Current,2021-01-25,B003,189586.04,Active
A00391,C0334,Savings,2023-07-23,B004,90100.68,Active
A00392,C0335,Salary,2021-03-08,B007,159860.62,Active
A00393,C0335,Salary,2021-03-07,B013,120818.41,Active
A00394,C0336,Salary,2021-04-07,B014,36456.27,Active
A00395,C0336,Savings,2021-04-24,B008,37971.26,Active
A00396,C0337,Savings,2024-06-17,B012,70965.99,Active
A00397,C0338,Current,2022-10-27,B012,258036.98,Active
A00398,C0339,Salary,2021-08-22,B013,63006.68,Active
A00399,C0340,Salary,2024-03-15,B001,63587.31,Closed
A00400,C0341,Savings,2023-06-03,B012,100864.0,Active
A00401,C0342,Current,2023-10-15,B001,393892.87,Active
A00402,C0343,Savings,2023-07-28,B014,43848.93,Active
A00403,C0344,Current,2022-11-02,B001,346183.12,Active
A00404,C0345,Salary,2022-01-11,B008,33028.57,Active
A00405,C0346,Salary,2020-11-23,B015,57027.12,Active
A00406,C0347,Savings,2024-10-10,B001,95453.59,Active
A00407,C0348,Salary,2024-10-08,B015,25405.57,Active
A00408,C0348,Savings,2024-11-06,B011,75674.81,Active
A00409,C0349,Current,2020-12-21,B002,76027.52,Active
A00410,C0350,Savings,2024-07-18,B012,130140.47,Active
A00411,C0351,Current,2025-11-18,B003,217526.03,Active
A00412,C0351,Savings,2025-12-22,B003,67459.97,Active
A00413,C0352,Salary,2025-10-05,B003,85727.48,Active
A00414,C0352,Salary,2025-09-06,B001,87591.47,Active
A00415,C0353,Salary,2021-01-26,B005,96046.41,Active
A00416,C0354,Salary,2025-07-10,B001,22062.74,Active
A00417,C0354,Savings,2025-07-25,B008,59110.67,Active
A00418,C0355,Current,2023-05-29,B008,266042.26,Active
A00419,C0356,Savings,2022-10-01,B008,37575.79,Active
A00420,C0357,Salary,2022-09-15,B005,47607.8,Active
A00421,C0358,Savings,2022-03-28,B003,59988.72,Active
A00422,C0358,Savings,2022-05-12,B003,27336.42,Active
A00423,C0359,Current,2020-11-10,B006,480918.96,Active
A00424,C0360,Salary,2023-01-22,B003,105457.76,Active
A00425,C0361,Current,2021-06-01,B010,334328.1,Active
A00426,C0362,Current,2023-07-01,B006,471090.03,Active
A00427,C0362,Salary,2023-05-26,B006,19459.44,Dormant
A00428,C0363,Salary,2024-04-13,B014,32261.44,Active
A00429,C0363,Savings,2024-04-22,B002,72089.4,Active
A00430,C0364,Savings,2024-11-11,B004,32968.61,Active
A00431,C0365,Current,2021-12-17,B011,209274.2,Closed
A00432,C0366,Current,2024-02-29,B015,126307.63,Closed
A00433,C0367,Current,2025-08-05,B006,167798.32,Active
A00434,C0368,Savings,2020-06-14,B003,95676.8,Active
A00435,C0368,Savings,2020-06-06,B011,71121.9,Active
A00436,C0369,Current,2025-03-06,B012,322568.89,Closed
A00437,C0370,Savings,2024-04-01,B011,36655.62,Active
A00438,C0371,Salary,2022-11-05,B007,86127.34,Active
A00439,C0371,Savings,2022-11-19,B013,100362.55,Active
A00440,C0372,Current,2021-06-14,B005,198262.43,Active
A00441,C0373,Savings,2024-10-19,B013,52198.76,Active
A00442,C0374,Savings,2023-04-05,B010,134591.12,Closed
A00443,C0375,Savings,2025-10-29,B014,79948.65,Dormant
A00444,C0375,Savings,2025-11-28,B008,36991.65,Active
A00445,C0376,Savings,2021-07-30,B008,76328.27,Dormant
A00446,C0377,Savings,2024-06-22,B014,16731.21,Dormant
A00447,C0377,Savings,2024-06-15,B009,50939.1,Active
A00448,C0378,Current,2020-11-18,B001,399055.94,Active
A00449,C0379,Salary,2024-03-13,B013,100108.71,Active
A00450,C0380,Salary,2021-02-09,B006,113795.51,Active
A00451,C0381,Current,2024-11-05,B007,440522.54,Active
A00452,C0381,Salary,2024-11-13,B013,104669.48,Active
A00453,C0382,Savings,2021-06-23,B007,68631.05,Active
A00454,C0383,Savings,2025-03-10,B005,60408.01,Active
A00455,C0384,Savings,2022-05-27,B001,25244.3,Active
A00456,C0385,Savings,2024-02-15,B013,95653.22,Dormant
A00457,C0386,Savings,2023-07-21,B008,52051.87,Dormant
A00458,C0387,Savings,2025-07-01,B013,78830.92,Active
A00459,C0388,Savings,2023-11-21,B003,90221.43,Active
A00460,C0388,Savings,2024-01-02,B012,38192.39,Active
A00461,C0389,Salary,2021-04-18,B011,60546.18,Active
A00462,C0390,Savings,2021-07-05,B001,43859.66,Active
A00463,C0391,Savings,2025-01-24,B010,105757.23,Active
A00464,C0392,Savings,2021-01-08,B004,29126.29,Active
A00465,C0392,Savings,2021-02-01,B008,115923.99,Active
A00466,C0393,Savings,2023-08-20,B001,60013.79,Active
A00467,C0394,Savings,2023-04-02,B009,62539.24,Active
A00468,C0395,Salary,2024-06-07,B010,131976.33,Active
A00469,C0395,Savings,2024-06-13,B015,56066.11,Active
A00470,C0396,Savings,2020-11-29,B015,96248.78,Active
A00471,C0397,Savings,2024-09-30,B007,38159.89,Active
A00472,C0398,Current,2022-07-16,B012,566527.43,Active
A00473,C0398,Savings,2022-07-24,B006,40066.32,Active
A00474,C0399,Salary,2024-10-26,B002,174413.16,Active
A00475,C0400,Savings,2021-01-28,B014,40753.48,Dormant
A00476,C0401,Savings,2020-11-07,B011,44649.49,Active
A00477,C0402,Savings,2025-02-09,B004,26800.96,Dormant
A00478,C0403,Salary,2020-03-03,B007,47972.91,Active
A00479,C0404,Salary,2022-12-17,B015,78312.8,Active
A00480,C0405,Savings,2021-05-28,B006,61354.29,Active
A00481,C0406,Salary,2020-12-17,B010,138559.57,Active
A00482,C0407,Salary,2024-02-21,B013,69967.98,Active
A00483,C0408,Salary,2025-10-14,B009,36640.21,Active
A00484,C0409,Current,2021-09-16,B009,355900.24,Closed
A00485,C0410,Savings,2022-11-26,B014,58956.44,Active
A00486,C0411,Savings,2020-08-24,B013,71087.62,Active
A00487,C0412,Current,2023-04-18,B002,206083.32,Dormant
A00488,C0413,Savings,2023-05-17,B010,37802.85,Active
A00489,C0414,Salary,2022-03-30,B003,52660.97,Dormant
A00490,C0415,Savings,2023-12-27,B014,102354.03,Active
A00491,C0416,Savings,2023-06-16,B011,114479.22,Active
A00492,C0417,Salary,2021-09-23,B015,55170.27,Active
A00493,C0418,Savings,2024-09-15,B003,37254.42,Active
A00494,C0419,Current,2024-06-16,B004,401366.18,Active
A00495,C0420,Current,2023-08-26,B015,599988.06,Active
A00496,C0421,Savings,2021-08-02,B015,136114.94,Closed
A00497,C0421,Current,2021-08-12,B010,209118.79,Active
A00498,C0422,Savings,2021-07-05,B006,41646.7,Active
A00499,C0423,Current,2021-01-27,B014,339339.9,Active
A00500,C0424,Savings,2021-02-21,B007,65019.36,Active
A00501,C0425,Current,2022-01-06,B007,267053.45,Active
A00502,C0426,Savings,2021-03-05,B003,31278.81,Active
A00503,C0427,Savings,2022-03-31,B007,52258.71,Active
A00504,C0427,Salary,2022-03-30,B003,204051.69,Active
A00505,C0428,Savings,2020-04-30,B015,38151.46,Active
A00506,C0429,Savings,2023-10-31,B003,60981.17,Active
A00507,C0429,Salary,2023-11-09,B015,278626.55,Active
A00508,C0430,Current,2024-07-07,B008,219294.17,Active
A00509,C0430,Salary,2024-06-27,B007,118271.22,Active
A00510,C0431,Savings,2022-03-31,B008,139238.84,Active
A00511,C0432,Savings,2023-05-27,B015,75043.33,Active
A00512,C0433,Savings,2024-10-28,B008,98356.46,Active
A00513,C0434,Salary,2025-06-17,B002,127302.98,Active
A00514,C0435,Salary,2020-06-18,B013,107513.34,Active
A00515,C0436,Savings,2022-08-16,B010,112407.94,Active
A00516,C0437,Current,2020-08-21,B011,404352.53,Active
A00517,C0438,Current,2021-12-15,B010,268470.33,Dormant
A00518,C0439,Savings,2020-05-27,B008,58269.91,Dormant
A00519,C0440,Savings,2025-08-29,B006,66303.02,Active
A00520,C0441,Current,2022-08-01,B010,237109.99,Active
A00521,C0442,Savings,2023-11-26,B011,59821.23,Active
A00522,C0443,Current,2021-09-23,B005,300504.53,Active
A00523,C0444,Savings,2024-07-10,B003,77314.42,Active
A00524,C0445,Savings,2024-12-11,B010,159774.77,Active
A00525,C0446,Current,2024-01-12,B010,333218.46,Dormant
A00526,C0447,Current,2020-02-28,B006,607410.81,Active
A00527,C0448,Savings,2022-08-13,B003,75752.64,Active
A00528,C0449,Salary,2023-09-08,B003,89494.59,Dormant
A00529,C0450,Savings,2020-11-22,B007,40041.2,Active
A00530,C0451,Current,2024-09-27,B003,324081.53,Active
A00531,C0452,Savings,2025-07-04,B005,57795.04,Active
A00532,C0452,Savings,2025-06-11,B008,33579.61,Active
A00533,C0453,Salary,2020-04-26,B015,55623.67,Active
A00534,C0454,Savings,2020-11-12,B005,66625.96,Active
A00535,C0455,Savings,2024-11-29,B013,122542.69,Active
A00536,C0456,Savings,2022-02-23,B001,51214.63,Dormant
A00537,C0457,Salary,2025-08-11,B007,27963.72,Dormant
A00538,C0458,Savings,2025-07-11,B005,8930.11,Active
A00539,C0458,Current,2025-06-19,B007,163055.45,Active
A00540,C0459,Current,2025-06-11,B010,415775.76,Active
A00541,C0460,Current,2024-05-26,B003,137669.72,Active
A00542,C0461,Salary,2025-04-14,B001,130805.19,Active
A00543,C0462,Savings,2021-03-18,B004,77511.91,Active
A00544,C0463,Savings,2024-05-07,B002,50159.39,Dormant
A00545,C0464,Salary,2022-10-02,B010,50665.55,Active
A00546,C0465,Savings,2025-10-25,B010,45836.19,Active
A00547,C0465,Salary,2025-11-22,B011,98516.24,Active
A00548,C0466,Savings,2022-06-02,B003,22011.33,Active
A00549,C0467,Savings,2021-10-26,B008,115747.98,Closed
A00550,C0468,Current,2024-08-03,B011,349029.44,Active
A00551,C0469,Salary,2025-12-29,B005,104527.32,Active
A00552,C0470,Salary,2021-04-07,B005,115798.43,Active
A00553,C0471,Savings,2024-04-29,B015,109586.06,Active
A00554,C0472,Savings,2021-09-15,B003,60012.6,Active
A00555,C0473,Current,2020-08-17,B015,415900.9,Active
A00556,C0474,Savings,2023-08-12,B010,34152.13,Active
A00557,C0475,Salary,2023-09-17,B003,204635.96,Active
A00558,C0476,Current,2024-08-03,B005,313398.31,Active
A00559,C0476,Salary,2024-07-25,B010,51058.79,Active
A00560,C0477,Savings,2020-10-20,B007,40047.95,Active
A00561,C0477,Salary,2020-09-29,B013,18545.12,Active
A00562,C0478,Salary,2022-05-21,B014,59824.46,Active
A00563,C0479,Salary,2023-02-17,B006,10316.95,Active
A00564,C0480,Current,2022-09-22,B011,430925.74,Active
A00565,C0481,Savings,2024-01-01,B014,68470.41,Active
A00566,C0481,Savings,2023-12-14,B004,27575.51,Active
A00567,C0482,Current,2024-06-15,B005,286085.05,Active
A00568,C0482,Savings,2024-05-24,B012,53215.76,Active
A00569,C0483,Savings,2022-05-04,B004,23741.65,Active
A00570,C0483,Savings,2022-05-11,B010,46437.28,Active
A00571,C0484,Savings,2020-03-08,B005,54216.25,Active
A00572,C0485,Savings,2023-06-07,B001,45661.01,Active
A00573,C0485,Savings,2023-06-07,B012,34016.62,Active
A00574,C0486,Current,2025-04-24,B009,165095.08,Dormant
A00575,C0487,Savings,2024-04-18,B012,44669.34,Active
A00576,C0487,Savings,2024-03-21,B012,36769.15,Active
A00577,C0488,Salary,2023-02-08,B010,111456.95,Active
A00578,C0489,Savings,2023-05-11,B011,113333.71,Dormant
A00579,C0490,Savings,2024-07-23,B010,89589.98,Active
A00580,C0490,Savings,2024-07-19,B014,55304.65,Active
A00581,C0491,Current,2023-01-18,B002,204971.93,Active
A00582,C0492,Salary,2022-03-31,B012,132357.16,Active
A00583,C0493,Current,2024-01-16,B009,401789.25,Active
A00584,C0494,Savings,2025-05-19,B001,108966.54,Active
A00585,C0494,Savings,2025-04-21,B005,60050.71,Active
A00586,C0495,Savings,2022-07-27,B003,132493.18,Active
A00587,C0496,Savings,2023-06-12,B013,60061.71,Active
A00588,C0497,Savings,2020-11-18,B015,34761.69,Active
A00589,C0498,Salary,2024-09-29,B012,58558.9,Active
A00590,C0499,Current,2025-04-07,B013,380936.3,Active
A00591,C0500,Savings,2023-08-09,B005,36704.93,Active
