customer_id,customer_name,gender,age,city,state,customer_segment,onboarding_date,kyc_status
C0001,Rahul Joshi,Male,64,Hyderabad,Telangana,Retail,2021-02-23,Verified
C0002,Saurabh Patel,Male,59,Mumbai,Maharashtra,Retail,2025-08-31,Verified
C0003,Manish Iyer,Male,49,Indore,Madhya Pradesh,Retail,2022-06-21,Verified
C0004,Priya Nair,Female,69,Indore,Madhya Pradesh,Retail,2022-05-31,Verified
C0005,Neha Verma,Female,23,Ahmedabad,Gujarat,Retail,2022-12-19,Verified
C0006,Ritika Verma,Female,57,Patna,Bihar,Retail,2024-01-21,Verified
C0007,Amit Sharma,Male,35,Kochi,Kerala,Retail,2020-11-22,Verified
C0008,Sandeep Khan,Male,43,Kolkata,West Bengal,Retail,2024-02-25,Verified
C0009,Rohan Joshi,Male,55,Patna,Bihar,Premium,2021-12-01,Verified
C0010,Vikram Reddy,Male,64,Ahmedabad,Gujarat,Retail,2022-06-18,Pending
C0011,Priya Iyer,Female,25,Bhopal,Madhya Pradesh,Retail,2023-01-01,Verified
C0012,Saurabh Joshi,Male,30,Pune,Maharashtra,Retail,2025-02-22,Verified
C0013,Anjali Iyer,Female,58,Indore,Madhya Pradesh,Retail,2024-10-20,Verified
C0014,Aisha Iyer,Female,28,Bengaluru,Karnataka,Retail,2020-07-11,Verified
C0015,Vikram Singh,Male,54,Ahmedabad,Gujarat,Retail,2025-04-01,Verified
C0016,Ritika Sharma,Female,70,Kochi,Kerala,Premium,2022-12-28,Verified
C0017,Neha Khan,Female,53,Ahmedabad,Gujarat,Retail,2022-12-14,Verified
C0018,Manish Verma,Male,59,Bhopal,Madhya Pradesh,Retail,2025-09-10,Verified
C0019,Vikram Gupta,Male,21,Nagpur,Maharashtra,Retail,2025-12-12,Pending
C0020,Kavya Sharma,Female,36,Delhi,Delhi,Corporate,2023-06-13,Verified
C0021,Arjun Mehta,Male,69,Delhi,Delhi,Retail,2020-10-10,Verified
C0022,Vikram Singh,Male,59,Kolkata,West Bengal,Corporate,2025-12-01,Verified
C0023,Sneha Das,Female,46,Nagpur,Maharashtra,Premium,2023-06-30,Verified
C0024,Kavya Das,Female,22,Kolkata,West Bengal,Retail,2023-10-16,Verified
C0025,Saurabh Iyer,Male,25,Mumbai,Maharashtra,Retail,2022-07-26,Verified
C0026,Karan Verma,Male,55,Jaipur,Rajasthan,Retail,2022-05-27,Verified
C0027,Saurabh Mehta,Male,33,Kolkata,West Bengal,Retail,2024-07-25,Verified
C0028,Amit Singh,Male,64,Ahmedabad,Gujarat,Retail,2020-08-09,Verified
C0029,Rahul Patel,Male,33,Indore,Madhya Pradesh,Retail,2022-10-15,Verified
C0030,Manish Reddy,Male,25,Bengaluru,Karnataka,Retail,2022-10-20,Verified
C0031,Ritika Verma,Female,26,Mumbai,Maharashtra,Premium,2020-03-01,Verified
C0032,Vikram Patel,Male,31,Kolkata,West Bengal,Retail,2020-08-28,Verified
C0033,Priya Patel,Female,48,Hyderabad,Telangana,Corporate,2023-03-14,Verified
C0034,Anjali Iyer,Female,68,Hyderabad,Telangana,Retail,2020-09-06,Verified
C0035,Priya Sharma,Female,31,Lucknow,Uttar Pradesh,Retail,2025-12-15,Pending
C0036,Manish Verma,Male,46,Bhopal,Madhya Pradesh,Retail,2022-08-21,Verified
C0037,Saurabh Iyer,Male,63,Lucknow,Uttar Pradesh,Retail,2024-09-13,Verified
C0038,Pooja Iyer,Female,29,Kochi,Kerala,Premium,2024-06-09,Verified
C0039,Kavya Gupta,Female,60,Patna,Bihar,Premium,2025-02-20,Verified
C0040,Amit Das,Male,25,Chennai,Tamil Nadu,Retail,2023-11-30,Verified
C0041,Karan Khan,Male,60,Bengaluru,Karnataka,Retail,2023-05-24,Verified
C0042,Manish Khan,Male,37,Patna,Bihar,Premium,2021-07-04,Pending
C0043,Amit Joshi,Male,66,Jaipur,Rajasthan,Retail,2022-05-12,Verified
C0044,Sneha Singh,Female,24,Kochi,Kerala,Premium,2022-10-25,Verified
C0045,Sandeep Khan,Male,31,Mumbai,Maharashtra,Retail,2022-12-08,Verified
C0046,Ritika Joshi,Female,55,Ahmedabad,Gujarat,Retail,2021-09-02,Verified
C0047,Karan Mehta,Male,44,Jaipur,Rajasthan,Retail,2023-06-16,Verified
C0048,Karan Iyer,Male,60,Kochi,Kerala,Retail,2024-07-22,Verified
C0049,Arjun Nair,Male,32,Nagpur,Maharashtra,Premium,2020-04-11,Pending
C0050,Meera Singh,Female,65,Bhopal,Madhya Pradesh,Premium,2021-10-14,Verified
C0051,Sandeep Sharma,Male,43,Bhopal,Madhya Pradesh,Retail,2025-02-28,Verified
C0052,Sneha Iyer,Female,25,Mumbai,Maharashtra,Premium,2023-02-15,Verified
C0053,Aisha Singh,Female,22,Jaipur,Rajasthan,Retail,2023-09-18,Rejected
C0054,Rohan Nair,Male,59,Lucknow,Uttar Pradesh,Corporate,2021-03-20,Verified
C0055,Aisha Joshi,Female,28,Nagpur,Maharashtra,Retail,2025-09-25,Verified
C0056,Shreya Iyer,Female,55,Hyderabad,Telangana,Retail,2025-10-30,Verified
C0057,Karan Patel,Male,63,Delhi,Delhi,Corporate,2023-07-09,Pending
C0058,Rohan Das,Male,56,Hyderabad,Telangana,Premium,2023-04-26,Verified
C0059,Arjun Patel,Male,60,Kochi,Kerala,Corporate,2021-12-13,Verified
C0060,Meera Das,Female,58,Bhopal,Madhya Pradesh,Retail,2024-10-26,Verified
C0061,Kavya Reddy,Female,63,Kolkata,West Bengal,Premium,2021-11-26,Verified
C0062,Rohan Das,Male,64,Kochi,Kerala,Retail,2022-08-20,Verified
C0063,Sneha Iyer,Female,60,Bengaluru,Karnataka,Retail,2025-04-30,Verified
C0064,Nikhil Patel,Male,52,Patna,Bihar,Retail,2024-04-21,Verified
C0065,Sneha Nair,Female,70,Kochi,Kerala,Premium,2021-03-12,Pending
C0066,Sneha Nair,Female,56,Nagpur,Maharashtra,Corporate,2020-07-24,Verified
C0067,Amit Reddy,Male,69,Bengaluru,Karnataka,Premium,2023-07-23,Verified
C0068,Shreya Joshi,Female,31,Patna,Bihar,Retail,2024-12-31,Verified
C0069,Kavya Khan,Female,52,Nagpur,Maharashtra,Retail,2025-11-05,Verified
C0070,Rohan Reddy,Male,41,Delhi,Delhi,Premium,2023-10-07,Verified
C0071,Vikram Nair,Male,25,Chennai,Tamil Nadu,Retail,2022-05-26,Verified
C0072,Meera Gupta,Female,45,Jaipur,Rajasthan,Retail,2024-09-16,Verified
C0073,Saurabh Patel,Male,47,Kolkata,West Bengal,Retail,2024-05-16,Verified
C0074,Nikhil Iyer,Male,63,Hyderabad,Telangana,Retail,2023-10-08,Verified
C0075,Anjali Reddy,Female,46,Patna,Bihar,Retail,2020-04-20,Verified
C0076,Amit Singh,Male,37,Ahmedabad,Gujarat,Retail,2020-07-24,Verified
C0077,Aisha Iyer,Female,38,Kolkata,West Bengal,Retail,2024-04-01,Verified
C0078,Pooja Verma,Female,35,Kolkata,West Bengal,Retail,2023-12-04,Verified
C0079,Rahul Sharma,Male,36,Chennai,Tamil Nadu,Retail,2021-09-16,Verified
C0080,Nikhil Singh,Male,70,Delhi,Delhi,Retail,2022-11-15,Verified
C0081,Anjali Mehta,Female,40,Lucknow,Uttar Pradesh,Corporate,2021-11-01,Verified
C0082,Saurabh Sharma,Male,46,Patna,Bihar,Retail,2024-03-17,Verified
C0083,Amit Mehta,Male,64,Indore,Madhya Pradesh,Premium,2023-05-20,Verified
C0084,Saurabh Sharma,Male,53,Pune,Maharashtra,Retail,2020-10-09,Verified
C0085,Priya Patel,Female,61,Bhopal,Madhya Pradesh,Retail,2024-01-23,Verified
C0086,Anjali Patel,Female,60,Bengaluru,Karnataka,Premium,2023-01-11,Pending
C0087,Kavya Patel,Female,26,Bhopal,Madhya Pradesh,Premium,2022-10-02,Verified
C0088,Kavya Iyer,Female,42,Nagpur,Maharashtra,Retail,2024-04-01,Verified
C0089,Nikhil Gupta,Male,42,Bengaluru,Karnataka,Retail,2022-11-24,Verified
C0090,Shreya Joshi,Female,26,Patna,Bihar,Retail,2022-02-21,Verified
C0091,Sandeep Reddy,Male,49,Jaipur,Rajasthan,Premium,2025-07-03,Verified
C0092,Amit Khan,Male,51,Chennai,Tamil Nadu,Retail,2024-02-20,Verified
C0093,Meera Joshi,Female,40,Jaipur,Rajasthan,Retail,2023-01-14,Verified
C0094,Sneha Verma,Female,33,Indore,Madhya Pradesh,Retail,2022-01-28,Verified
C0095,Nikhil Khan,Male,27,Indore,Madhya Pradesh,Retail,2023-03-05,Verified
C0096,Rohan Iyer,Male,29,Pune,Maharashtra,Retail,2025-12-27,Verified
C0097,Priya Sharma,Female,27,Jaipur,Rajasthan,Retail,2025-07-03,Pending
C0098,Saurabh Khan,Male,37,Kolkata,West Bengal,Retail,2020-07-29,Verified
C0099,Neha Verma,Female,30,Ahmedabad,Gujarat,Retail,2020-08-07,Verified
C0100,Saurabh Khan,Male,59,Delhi,Delhi,Corporate,2024-08-31,Verified
C0101,Manish Patel,Male,40,Kolkata,West Bengal,Corporate,2024-10-22,Verified
C0102,Saurabh Joshi,Male,37,Delhi,Delhi,Corporate,2022-05-14,Verified
C0103,Vikram Iyer,Male,49,Bengaluru,Karnataka,Retail,2024-07-31,Verified
C0104,Pooja Sharma,Female,25,Chennai,Tamil Nadu,Retail,2025-02-02,Verified
C0105,Rohan Singh,Male,28,Lucknow,Uttar Pradesh,Premium,2024-10-07,Pending
C0106,Vikram Khan,Male,59,Bhopal,Madhya Pradesh,Retail,2023-06-13,Verified
C0107,Kavya Verma,Female,53,Kolkata,West Bengal,Premium,2023-01-20,Verified
C0108,Kavya Verma,Female,59,Lucknow,Uttar Pradesh,Retail,2023-08-13,Verified
C0109,Priya Verma,Female,69,Chennai,Tamil Nadu,Corporate,2020-03-25,Verified
C0110,Shreya Sharma,Female,38,Nagpur,Maharashtra,Premium,2024-12-16,Verified
C0111,Saurabh Patel,Male,43,Kochi,Kerala,Premium,2025-04-09,Pending
C0112,Aisha Gupta,Female,65,Kochi,Kerala,Retail,2024-08-13,Verified
C0113,Pooja Singh,Female,26,Ahmedabad,Gujarat,Premium,2025-02-05,Verified
C0114,Pooja Gupta,Female,21,Delhi,Delhi,Corporate,2025-10-08,Verified
C0115,Meera Sharma,Female,61,Chennai,Tamil Nadu,Retail,2025-08-03,Verified
C0116,Priya Iyer,Female,65,Hyderabad,Telangana,Retail,2024-11-29,Pending
C0117,Neha Sharma,Female,40,Kochi,Kerala,Retail,2021-10-10,Verified
C0118,Manish Patel,Male,50,Delhi,Delhi,Retail,2021-04-09,Verified
C0119,Vikram Reddy,Male,47,Patna,Bihar,Premium,2023-01-24,Verified
C0120,Kavya Iyer,Female,68,Kolkata,West Bengal,Retail,2025-09-12,Verified
C0121,Amit Khan,Male,38,Nagpur,Maharashtra,Premium,2025-09-10,Verified
C0122,Rohan Joshi,Male,30,Hyderabad,Telangana,Premium,2025-06-28,Verified
C0123,Ritika Reddy,Female,50,Pune,Maharashtra,Retail,2024-03-25,Verified
C0124,Sneha Joshi,Female,23,Chennai,Tamil Nadu,Retail,2024-08-09,Verified
C0125,Kavya Joshi,Female,52,Patna,Bihar,Premium,2021-09-15,Verified
C0126,Vikram Das,Male,27,Lucknow,Uttar Pradesh,Retail,2024-12-08,Verified
C0127,Priya Joshi,Female,25,Bengaluru,Karnataka,Retail,2021-09-24,Verified
C0128,Pooja Gupta,Female,64,Lucknow,Uttar Pradesh,Premium,2023-09-07,Verified
C0129,Aisha Singh,Female,60,Indore,Madhya Pradesh,Premium,2020-05-27,Verified
C0130,Arjun Singh,Male,48,Kochi,Kerala,Corporate,2021-01-05,Rejected
C0131,Amit Reddy,Male,41,Bengaluru,Karnataka,Premium,2020-07-07,Pending
C0132,Rohan Gupta,Male,57,Pune,Maharashtra,Retail,2024-08-14,Verified
C0133,Vikram Nair,Male,52,Delhi,Delhi,Retail,2022-09-13,Verified
C0134,Arjun Reddy,Male,50,Kochi,Kerala,Retail,2020-02-08,Verified
C0135,Ritika Nair,Female,61,Delhi,Delhi,Retail,2023-05-10,Verified
C0136,Pooja Reddy,Female,27,Bhopal,Madhya Pradesh,Retail,2025-06-02,Rejected
C0137,Sandeep Mehta,Male,22,Pune,Maharashtra,Retail,2023-04-24,Rejected
C0138,Pooja Sharma,Female,59,Lucknow,Uttar Pradesh,Premium,2020-07-19,Verified
C0139,Pooja Iyer,Female,60,Lucknow,Uttar Pradesh,Premium,2022-02-17,Verified
C0140,Anjali Singh,Female,49,Delhi,Delhi,Corporate,2023-06-19,Verified
C0141,Saurabh Gupta,Male,68,Indore,Madhya Pradesh,Retail,2023-08-31,Pending
C0142,Anjali Iyer,Female,54,Bengaluru,Karnataka,Premium,2024-02-07,Verified
C0143,Anjali Khan,Female,68,Patna,Bihar,Premium,2023-04-23,Verified
C0144,Neha Reddy,Female,56,Delhi,Delhi,Retail,2024-06-15,Pending
C0145,Neha Patel,Female,64,Mumbai,Maharashtra,Retail,2024-02-18,Verified
C0146,Shreya Patel,Female,51,Bhopal,Madhya Pradesh,Retail,2022-08-15,Verified
C0147,Saurabh Das,Male,61,Pune,Maharashtra,Corporate,2020-09-15,Verified
C0148,Pooja Singh,Female,40,Ahmedabad,Gujarat,Retail,2020-06-01,Verified
C0149,Neha Verma,Female,44,Chennai,Tamil Nadu,Premium,2025-02-01,Verified
C0150,Shreya Joshi,Female,52,Indore,Madhya Pradesh,Retail,2021-02-09,Verified
C0151,Pooja Sharma,Female,44,Indore,Madhya Pradesh,Retail,2022-08-25,Verified
C0152,Karan Das,Male,38,Patna,Bihar,Corporate,2024-06-18,Verified
C0153,Amit Reddy,Male,24,Delhi,Delhi,Premium,2020-03-28,Verified
C0154,Sneha Nair,Female,58,Nagpur,Maharashtra,Retail,2022-04-28,Verified
C0155,Arjun Gupta,Male,38,Nagpur,Maharashtra,Retail,2020-01-12,Pending
C0156,Vikram Das,Male,29,Hyderabad,Telangana,Premium,2020-04-15,Verified
C0157,Karan Iyer,Male,29,Lucknow,Uttar Pradesh,Retail,2020-08-02,Verified
C0158,Ritika Verma,Female,53,Indore,Madhya Pradesh,Retail,2024-01-22,Verified
C0159,Nikhil Das,Male,40,Chennai,Tamil Nadu,Corporate,2025-11-05,Verified
C0160,Priya Sharma,Female,52,Kolkata,West Bengal,Premium,2021-03-18,Verified
C0161,Neha Verma,Female,60,Pune,Maharashtra,Retail,2023-01-31,Verified
C0162,Meera Mehta,Female,27,Jaipur,Rajasthan,Retail,2024-10-28,Verified
C0163,Manish Joshi,Male,47,Bhopal,Madhya Pradesh,Retail,2022-07-24,Verified
C0164,Kavya Patel,Female,63,Ahmedabad,Gujarat,Premium,2023-07-04,Verified
C0165,Aisha Nair,Female,26,Kochi,Kerala,Corporate,2020-12-15,Verified
C0166,Neha Joshi,Female,58,Indore,Madhya Pradesh,Retail,2020-09-02,Verified
C0167,Neha Patel,Female,67,Pune,Maharashtra,Premium,2024-09-28,Pending
C0168,Rohan Mehta,Male,30,Hyderabad,Telangana,Retail,2022-05-21,Verified
C0169,Sneha Verma,Female,57,Pune,Maharashtra,Premium,2023-02-15,Verified
C0170,Sandeep Das,Male,59,Nagpur,Maharashtra,Premium,2020-04-17,Verified
C0171,Priya Nair,Female,43,Hyderabad,Telangana,Premium,2023-10-23,Verified
C0172,Vikram Nair,Male,26,Lucknow,Uttar Pradesh,Premium,2020-05-05,Verified
C0173,Sandeep Patel,Male,70,Kolkata,West Bengal,Retail,2023-08-21,Verified
C0174,Rahul Nair,Male,38,Bengaluru,Karnataka,Premium,2020-11-30,Verified
C0175,Meera Reddy,Female,28,Lucknow,Uttar Pradesh,Retail,2025-09-29,Verified
C0176,Meera Verma,Female,63,Hyderabad,Telangana,Premium,2025-11-28,Verified
C0177,Priya Iyer,Female,40,Ahmedabad,Gujarat,Corporate,2022-04-17,Verified
C0178,Vikram Khan,Male,32,Hyderabad,Telangana,Retail,2024-10-29,Verified
C0179,Sandeep Das,Male,25,Indore,Madhya Pradesh,Retail,2023-12-21,Verified
C0180,Priya Patel,Female,57,Mumbai,Maharashtra,Retail,2023-07-06,Verified
C0181,Shreya Patel,Female,22,Indore,Madhya Pradesh,Retail,2024-07-17,Verified
C0182,Anjali Mehta,Female,48,Kolkata,West Bengal,Premium,2020-12-26,Pending
C0183,Arjun Patel,Male,68,Lucknow,Uttar Pradesh,Retail,2023-06-24,Verified
C0184,Sneha Gupta,Female,54,Nagpur,Maharashtra,Retail,2021-04-12,Verified
C0185,Karan Gupta,Male,36,Indore,Madhya Pradesh,Corporate,2021-08-27,Verified
C0186,Vikram Khan,Male,32,Chennai,Tamil Nadu,Retail,2020-11-04,Verified
C0187,Kavya Mehta,Female,61,Nagpur,Maharashtra,Retail,2023-08-16,Verified
C0188,Anjali Reddy,Female,58,Delhi,Delhi,Retail,2023-01-30,Verified
C0189,Karan Das,Male,44,Delhi,Delhi,Retail,2020-08-21,Verified
C0190,Neha Singh,Female,45,Bhopal,Madhya Pradesh,Corporate,2025-09-07,Verified
C0191,Shreya Das,Female,41,Nagpur,Maharashtra,Premium,2022-02-10,Verified
C0192,Ritika Nair,Female,66,Mumbai,Maharashtra,Retail,2023-11-07,Verified
C0193,Manish Singh,Male,54,Bengaluru,Karnataka,Retail,2024-12-04,Verified
C0194,Karan Gupta,Male,64,Patna,Bihar,Retail,2023-10-17,Verified
C0195,Karan Verma,Male,37,Pune,Maharashtra,Retail,2023-03-09,Verified
C0196,Karan Verma,Male,62,Lucknow,Uttar Pradesh,Premium,2023-06-24,Pending
C0197,Anjali Mehta,Female,62,Indore,Madhya Pradesh,Corporate,2024-03-22,Verified
C0198,Anjali Singh,Female,26,Indore,Madhya Pradesh,Premium,2025-11-26,Verified
C0199,Ritika Gupta,Female,42,Mumbai,Maharashtra,Retail,2022-05-27,Verified
C0200,Sneha Iyer,Female,53,Bengaluru,Karnataka,Retail,2021-02-18,Verified
C0201,Karan Mehta,Male,65,Bengaluru,Karnataka,Retail,2022-01-10,Verified
C0202,Nikhil Sharma,Male,60,Ahmedabad,Gujarat,Retail,2024-12-24,Verified
C0203,Kavya Iyer,Female,33,Jaipur,Rajasthan,Retail,2025-04-05,Pending
C0204,Shreya Reddy,Female,54,Kolkata,West Bengal,Premium,2025-08-21,Verified
C0205,Anjali Iyer,Female,62,Nagpur,Maharashtra,Retail,2020-08-01,Verified
C0206,Aisha Das,Female,39,Patna,Bihar,Retail,2021-05-25,Verified
C0207,Vikram Khan,Male,26,Kolkata,West Bengal,Corporate,2024-11-26,Verified
C0208,Nikhil Gupta,Male,44,Patna,Bihar,Retail,2025-08-18,Verified
C0209,Sandeep Verma,Male,66,Pune,Maharashtra,Retail,2021-02-09,Verified
C0210,Anjali Nair,Female,69,Mumbai,Maharashtra,Retail,2021-07-22,Verified
C0211,Kavya Mehta,Female,30,Mumbai,Maharashtra,Corporate,2022-06-02,Verified
C0212,Neha Khan,Female,61,Chennai,Tamil Nadu,Retail,2024-09-15,Verified
C0213,Neha Verma,Female,61,Bhopal,Madhya Pradesh,Corporate,2020-03-08,Verified
C0214,Vikram Khan,Male,32,Ahmedabad,Gujarat,Retail,2024-09-02,Verified
C0215,Manish Gupta,Male,56,Delhi,Delhi,Corporate,2025-09-10,Verified
C0216,Sandeep Reddy,Male,68,Mumbai,Maharashtra,Retail,2022-11-04,Rejected
C0217,Karan Verma,Male,70,Pune,Maharashtra,Retail,2021-02-28,Verified
C0218,Anjali Sharma,Female,70,Pune,Maharashtra,Retail,2021-12-18,Verified
C0219,Kavya Singh,Female,23,Bengaluru,Karnataka,Premium,2025-02-17,Verified
C0220,Sneha Sharma,Female,53,Nagpur,Maharashtra,Retail,2023-06-24,Verified
C0221,Ritika Reddy,Female,43,Hyderabad,Telangana,Retail,2023-03-17,Verified
C0222,Karan Khan,Male,68,Delhi,Delhi,Premium,2024-06-26,Verified
C0223,Meera Gupta,Female,38,Bengaluru,Karnataka,Retail,2025-10-27,Verified
C0224,Sandeep Verma,Male,41,Ahmedabad,Gujarat,Retail,2023-04-18,Verified
C0225,Amit Gupta,Male,31,Kochi,Kerala,Retail,2024-10-11,Verified
C0226,Aisha Reddy,Female,38,Mumbai,Maharashtra,Premium,2024-11-16,Pending
C0227,Amit Singh,Male,22,Kochi,Kerala,Retail,2021-10-17,Verified
C0228,Saurabh Singh,Male,70,Nagpur,Maharashtra,Retail,2022-08-24,Verified
C0229,Aisha Patel,Female,44,Lucknow,Uttar Pradesh,Retail,2025-01-16,Verified
C0230,Kavya Verma,Female,62,Lucknow,Uttar Pradesh,Retail,2023-07-11,Verified
C0231,Sneha Verma,Female,56,Mumbai,Maharashtra,Premium,2024-05-04,Verified
C0232,Rohan Khan,Male,65,Indore,Madhya Pradesh,Retail,2023-03-15,Rejected
C0233,Sneha Verma,Female,26,Bengaluru,Karnataka,Premium,2024-12-28,Verified
C0234,Aisha Joshi,Female,31,Delhi,Delhi,Retail,2023-05-13,Verified
C0235,Karan Das,Male,36,Chennai,Tamil Nadu,Retail,2021-07-22,Verified
C0236,Priya Gupta,Female,60,Jaipur,Rajasthan,Retail,2021-06-15,Verified
C0237,Amit Khan,Male,47,Ahmedabad,Gujarat,Corporate,2025-11-23,Verified
C0238,Shreya Verma,Female,50,Bengaluru,Karnataka,Corporate,2025-01-17,Verified
C0239,Anjali Das,Female,48,Kochi,Kerala,Retail,2021-06-12,Verified
C0240,Amit Das,Male,43,Bengaluru,Karnataka,Retail,2022-07-12,Verified
C0241,Neha Khan,Female,61,Chennai,Tamil Nadu,Retail,2021-05-27,Verified
C0242,Shreya Das,Female,31,Delhi,Delhi,Retail,2021-09-23,Verified
C0243,Shreya Sharma,Female,62,Bhopal,Madhya Pradesh,Premium,2022-12-20,Verified
C0244,Saurabh Patel,Male,62,Lucknow,Uttar Pradesh,Retail,2023-04-01,Verified
C0245,Kavya Iyer,Female,25,Nagpur,Maharashtra,Premium,2025-01-31,Verified
C0246,Vikram Reddy,Male,41,Ahmedabad,Gujarat,Retail,2021-08-11,Verified
C0247,Aisha Patel,Female,41,Bengaluru,Karnataka,Premium,2021-03-10,Verified
C0248,Nikhil Verma,Male,39,Hyderabad,Telangana,Retail,2020-07-26,Verified
C0249,Shreya Patel,Female,57,Chennai,Tamil Nadu,Corporate,2023-09-03,Pending
C0250,Sneha Nair,Female,52,Kolkata,West Bengal,Corporate,2023-06-17,Verified
C0251,Amit Patel,Male,24,Jaipur,Rajasthan,Retail,2023-12-16,Verified
C0252,Rohan Reddy,Male,39,Lucknow,Uttar Pradesh,Premium,2025-04-11,Verified
C0253,Amit Patel,Male,44,Bengaluru,Karnataka,Premium,2024-07-09,Verified
C0254,Sandeep Sharma,Male,25,Lucknow,Uttar Pradesh,Retail,2023-03-28,Verified
C0255,Ritika Reddy,Female,29,Nagpur,Maharashtra,Retail,2021-05-01,Verified
C0256,Sandeep Gupta,Male,69,Nagpur,Maharashtra,Corporate,2024-02-06,Verified
C0257,Arjun Mehta,Male,29,Jaipur,Rajasthan,Retail,2020-06-08,Verified
C0258,Kavya Das,Female,41,Kolkata,West Bengal,Retail,2021-07-26,Pending
C0259,Anjali Patel,Female,53,Lucknow,Uttar Pradesh,Premium,2023-10-09,Verified
C0260,Shreya Khan,Female,47,Kolkata,West Bengal,Premium,2021-03-24,Verified
C0261,Priya Mehta,Female,67,Kolkata,West Bengal,Retail,2022-07-21,Verified
C0262,Saurabh Reddy,Male,30,Bengaluru,Karnataka,Retail,2024-04-06,Verified
C0263,Rahul Mehta,Male,47,Indore,Madhya Pradesh,Retail,2023-07-08,Verified
C0264,Sandeep Joshi,Male,68,Chennai,Tamil Nadu,Retail,2025-04-15,Verified
C0265,Vikram Das,Male,54,Chennai,Tamil Nadu,Retail,2025-05-13,Rejected
C0266,Aisha Nair,Female,64,Kolkata,West Bengal,Corporate,2023-12-22,Verified
C0267,Shreya Reddy,Female,35,Chennai,Tamil Nadu,Corporate,2023-05-07,Verified
C0268,Pooja Joshi,Female,43,Chennai,Tamil Nadu,Premium,2025-05-19,Verified
C0269,Pooja Verma,Female,43,Lucknow,Uttar Pradesh,Premium,2024-06-04,Verified
C0270,Rohan Sharma,Male,62,Hyderabad,Telangana,Corporate,2024-12-16,Verified
C0271,Kavya Iyer,Female,29,Chennai,Tamil Nadu,Premium,2023-01-17,Verified
C0272,Saurabh Joshi,Male,35,Lucknow,Uttar Pradesh,Retail,2025-12-15,Verified
C0273,Rahul Verma,Male,21,Ahmedabad,Gujarat,Retail,2021-07-17,Verified
C0274,Sandeep Singh,Male,69,Patna,Bihar,Premium,2022-03-27,Verified
C0275,Aisha Khan,Female,55,Kochi,Kerala,Retail,2022-08-09,Verified
C0276,Vikram Patel,Male,46,Patna,Bihar,Premium,2020-05-28,Pending
C0277,Anjali Joshi,Female,40,Bhopal,Madhya Pradesh,Corporate,2020-02-07,Verified
C0278,Karan Khan,Male,29,Kolkata,West Bengal,Corporate,2025-07-16,Verified
C0279,Pooja Iyer,Female,62,Nagpur,Maharashtra,Retail,2025-02-22,Verified
C0280,Anjali Sharma,Female,32,Indore,Madhya Pradesh,Retail,2022-03-02,Verified
C0281,Meera Das,Female,29,Pune,Maharashtra,Retail,2022-01-26,Verified
C0282,Aisha Iyer,Female,42,Mumbai,Maharashtra,Retail,2022-12-29,Verified
C0283,Shreya Joshi,Female,24,Lucknow,Uttar Pradesh,Retail,2022-08-25,Verified
C0284,Nikhil Khan,Male,65,Bengaluru,Karnataka,Retail,2023-06-27,Verified
C0285,Rohan Gupta,Male,30,Lucknow,Uttar Pradesh,Retail,2025-05-12,Pending
C0286,Shreya Gupta,Female,69,Ahmedabad,Gujarat,Premium,2022-06-13,Pending
C0287,Saurabh Verma,Male,57,Jaipur,Rajasthan,Retail,2020-11-15,Verified
C0288,Rahul Das,Male,31,Patna,Bihar,Retail,2021-09-05,Verified
C0289,Ritika Reddy,Female,26,Delhi,Delhi,Premium,2025-06-25,Verified
C0290,Priya Reddy,Female,56,Bengaluru,Karnataka,Retail,2020-08-24,Verified
C0291,Pooja Joshi,Female,58,Mumbai,Maharashtra,Retail,2022-06-11,Verified
C0292,Rahul Patel,Male,25,Pune,Maharashtra,Premium,2020-09-03,Verified
C0293,Priya Khan,Female,44,Ahmedabad,Gujarat,Retail,2024-09-17,Verified
C0294,Kavya Patel,Female,62,Ahmedabad,Gujarat,Retail,2021-06-28,Pending
C0295,Neha Nair,Female,21,Jaipur,Rajasthan,Retail,2022-07-01,Verified
C0296,Rohan Reddy,Male,35,Kochi,Kerala,Premium,2024-04-02,Verified
C0297,Nikhil Gupta,Male,23,Bengaluru,Karnataka,Retail,2021-04-07,Pending
C0298,Shreya Sharma,Female,49,Chennai,Tamil Nadu,Retail,2020-05-17,Verified
C0299,Arjun Joshi,Male,69,Mumbai,Maharashtra,Retail,2022-06-08,Verified
C0300,Vikram Das,Male,57,Hyderabad,Telangana,Retail,2023-07-30,Pending
C0301,Sneha Khan,Female,47,Patna,Bihar,Retail,2022-06-24,Verified
C0302,Pooja Sharma,Female,61,Jaipur,Rajasthan,Corporate,2021-12-18,Verified
C0303,Ritika Reddy,Female,54,Mumbai,Maharashtra,Corporate,2024-04-10,Pending
C0304,Meera Patel,Female,36,Bengaluru,Karnataka,Retail,2025-04-23,Verified
C0305,Rohan Joshi,Male,47,Bengaluru,Karnataka,Premium,2024-08-17,Pending
C0306,Sandeep Iyer,Male,44,Hyderabad,Telangana,Retail,2025-01-16,Verified
C0307,Manish Joshi,Male,25,Bhopal,Madhya Pradesh,Retail,2020-06-10,Verified
C0308,Saurabh Joshi,Male,40,Kochi,Kerala,Retail,2023-09-25,Verified
C0309,Arjun Iyer,Male,36,Indore,Madhya Pradesh,Retail,2025-05-15,Rejected
C0310,Sandeep Iyer,Male,55,Jaipur,Rajasthan,Retail,2025-03-24,Verified
C0311,Pooja Khan,Female,67,Pune,Maharashtra,Retail,2021-02-07,Verified
C0312,Aisha Iyer,Female,68,Pune,Maharashtra,Retail,2022-06-25,Verified
C0313,Rahul Khan,Male,39,Jaipur,Rajasthan,Corporate,2024-09-06,Verified
C0314,Arjun Gupta,Male,56,Chennai,Tamil Nadu,Retail,2025-08-07,Verified
C0315,Pooja Reddy,Female,67,Indore,Madhya Pradesh,Retail,2021-11-20,Verified
C0316,Anjali Nair,Female,54,Indore,Madhya Pradesh,Retail,2020-08-28,Verified
C0317,Amit Singh,Male,25,Mumbai,Maharashtra,Premium,2022-08-05,Verified
C0318,Rahul Iyer,Male,63,Jaipur,Rajasthan,Retail,2025-06-02,Verified
C0319,Priya Sharma,Female,67,Jaipur,Rajasthan,Retail,2025-12-08,Verified
C0320,Ritika Khan,Female,32,Mumbai,Maharashtra,Retail,2024-10-29,Verified
C0321,Amit Das,Male,43,Bengaluru,Karnataka,Retail,2022-10-30,Verified
C0322,Meera Verma,Female,65,Pune,Maharashtra,Corporate,2022-09-23,Verified
C0323,Rohan Singh,Male,26,Bhopal,Madhya Pradesh,Premium,2020-05-09,Verified
C0324,Meera Patel,Female,26,Jaipur,Rajasthan,Retail,2021-12-02,Verified
C0325,Meera Singh,Female,54,Nagpur,Maharashtra,Retail,2021-01-25,Rejected
C0326,Arjun Iyer,Male,38,Patna,Bihar,Premium,2025-05-01,Pending
C0327,Amit Singh,Male,32,Patna,Bihar,Retail,2020-05-14,Verified
C0328,Priya Iyer,Female,25,Lucknow,Uttar Pradesh,Retail,2024-06-19,Verified
C0329,Anjali Mehta,Female,45,Chennai,Tamil Nadu,Retail,2023-09-20,Verified
C0330,Amit Das,Male,35,Indore,Madhya Pradesh,Corporate,2024-11-25,Verified
C0331,Karan Mehta,Male,22,Nagpur,Maharashtra,Retail,2023-08-29,Verified
C0332,Kavya Reddy,Female,32,Chennai,Tamil Nadu,Retail,2024-11-03,Pending
C0333,Neha Mehta,Female,38,Hyderabad,Telangana,Premium,2020-12-02,Verified
C0334,Sandeep Joshi,Male,44,Nagpur,Maharashtra,Retail,2023-07-21,Verified
C0335,Amit Sharma,Male,29,Hyderabad,Telangana,Retail,2021-02-22,Verified
C0336,Vikram Patel,Male,22,Kolkata,West Bengal,Retail,2021-02-27,Verified
C0337,Karan Das,Male,21,Delhi,Delhi,Retail,2024-04-26,Verified
C0338,Meera Patel,Female,57,Nagpur,Maharashtra,Retail,2022-09-21,Pending
C0339,Sandeep Nair,Male,25,Bengaluru,Karnataka,Retail,2021-08-20,Verified
C0340,Sandeep Khan,Male,37,Ahmedabad,Gujarat,Retail,2024-01-19,Verified
C0341,Nikhil Mehta,Male,21,Lucknow,Uttar Pradesh,Retail,2023-06-01,Verified
C0342,Aisha Mehta,Female,48,Ahmedabad,Gujarat,Premium,2023-10-03,Verified
C0343,Rohan Gupta,Male,32,Lucknow,Uttar Pradesh,Corporate,2023-07-10,Verified
C0344,Aisha Khan,Female,41,Indore,Madhya Pradesh,Premium,2022-09-19,Verified
C0345,Pooja Patel,Female,64,Pune,Maharashtra,Retail,2022-01-06,Verified
C0346,Nikhil Joshi,Male,47,Chennai,Tamil Nadu,Retail,2020-10-10,Verified
C0347,Anjali Singh,Female,45,Hyderabad,Telangana,Retail,2024-09-29,Verified
C0348,Nikhil Mehta,Male,55,Kolkata,West Bengal,Retail,2024-09-09,Verified
C0349,Karan Joshi,Male,27,Patna,Bihar,Premium,2020-12-14,Verified
C0350,Karan Nair,Male,69,Kochi,Kerala,Retail,2024-06-24,Verified
C0351,Meera Verma,Female,56,Mumbai,Maharashtra,Retail,2025-10-25,Verified
C0352,Nikhil Gupta,Male,30,Ahmedabad,Gujarat,Retail,2025-08-11,Verified
C0353,Priya Reddy,Female,28,Delhi,Delhi,Retail,2020-12-17,Pending
C0354,Karan Khan,Male,43,Pune,Maharashtra,Retail,2025-06-01,Verified
C0355,Neha Reddy,Female,23,Indore,Madhya Pradesh,Premium,2023-05-14,Verified
C0356,Rahul Gupta,Male,54,Kochi,Kerala,Retail,2022-09-26,Verified
C0357,Manish Nair,Male,46,Pune,Maharashtra,Retail,2022-08-07,Pending
C0358,Vikram Singh,Male,49,Kochi,Kerala,Retail,2022-03-19,Verified
C0359,Meera Sharma,Female,57,Indore,Madhya Pradesh,Retail,2020-09-13,Verified
C0360,Manish Nair,Male,63,Pune,Maharashtra,Retail,2022-12-10,Verified
C0361,Ritika Singh,Female,43,Pune,Maharashtra,Retail,2021-04-12,Verified
C0362,Kavya Mehta,Female,60,Bengaluru,Karnataka,Premium,2023-05-03,Verified
C0363,Vikram Gupta,Male,65,Delhi,Delhi,Retail,2024-03-09,Verified
C0364,Manish Patel,Male,32,Ahmedabad,Gujarat,Retail,2024-09-28,Verified
C0365,Ritika Joshi,Female,52,Patna,Bihar,Retail,2021-11-14,Rejected
C0366,Anjali Nair,Female,21,Pune,Maharashtra,Premium,2024-01-10,Verified
C0367,Anjali Iyer,Female,47,Bhopal,Madhya Pradesh,Retail,2025-07-20,Verified
C0368,Meera Joshi,Female,69,Bhopal,Madhya Pradesh,Retail,2020-05-06,Verified
C0369,Rohan Sharma,Male,57,Hyderabad,Telangana,Retail,2025-02-16,Verified
C0370,Ritika Das,Female,55,Delhi,Delhi,Retail,2024-02-11,Verified
C0371,Nikhil Das,Male,40,Chennai,Tamil Nadu,Corporate,2022-10-10,Verified
C0372,Nikhil Khan,Male,70,Pune,Maharashtra,Premium,2021-04-25,Verified
C0373,Arjun Joshi,Male,31,Lucknow,Uttar Pradesh,Premium,2024-10-19,Verified
C0374,Arjun Iyer,Male,59,Nagpur,Maharashtra,Retail,2023-02-25,Verified
C0375,Karan Joshi,Male,64,Hyderabad,Telangana,Retail,2025-10-08,Verified
C0376,Vikram Patel,Male,65,Patna,Bihar,Retail,2021-06-03,Verified
C0377,Arjun Nair,Male,52,Indore,Madhya Pradesh,Retail,2024-05-27,Verified
C0378,Saurabh Singh,Male,61,Hyderabad,Telangana,Retail,2020-11-05,Verified
C0379,Sandeep Das,Male,50,Indore,Madhya Pradesh,Retail,2024-02-20,Pending
C0380,Aisha Mehta,Female,67,Mumbai,Maharashtra,Premium,2021-01-16,Verified
C0381,Aisha Verma,Female,34,Nagpur,Maharashtra,Retail,2024-10-25,Verified
C0382,Pooja Gupta,Female,57,Bhopal,Madhya Pradesh,Retail,2021-06-18,Verified
C0383,Aisha Singh,Female,22,Nagpur,Maharashtra,Retail,2025-02-25,Verified
C0384,Vikram Reddy,Male,65,Kolkata,West Bengal,Retail,2022-04-08,Pending
C0385,Rohan Nair,Male,37,Bhopal,Madhya Pradesh,Corporate,2024-01-16,Verified
C0386,Karan Singh,Male,67,Patna,Bihar,Retail,2023-06-05,Verified
C0387,Sandeep Singh,Male,25,Delhi,Delhi,Premium,2025-05-07,Verified
C0388,Saurabh Iyer,Male,28,Jaipur,Rajasthan,Premium,2023-11-08,Verified
C0389,Anjali Reddy,Female,27,Delhi,Delhi,Retail,2021-02-23,Verified
C0390,Aisha Khan,Female,62,Bengaluru,Karnataka,Retail,2021-06-29,Verified
C0391,Amit Das,Male,43,Lucknow,Uttar Pradesh,Retail,2024-12-07,Verified
C0392,Vikram Patel,Male,27,Lucknow,Uttar Pradesh,Premium,2020-12-21,Verified
C0393,Amit Mehta,Male,29,Indore,Madhya Pradesh,Retail,2023-07-12,Pending
C0394,Rohan Singh,Male,70,Delhi,Delhi,Retail,2023-03-13,Verified
C0395,Rohan Iyer,Male,39,Jaipur,Rajasthan,Retail,2024-05-23,Verified
C0396,Arjun Reddy,Male,54,Ahmedabad,Gujarat,Retail,2020-10-17,Verified
C0397,Karan Gupta,Male,44,Bengaluru,Karnataka,Retail,2024-09-19,Verified
C0398,Nikhil Verma,Male,23,Mumbai,Maharashtra,Retail,2022-06-02,Verified
C0399,Sandeep Das,Male,48,Hyderabad,Telangana,Retail,2024-08-28,Verified
C0400,Neha Singh,Female,40,Jaipur,Rajasthan,Retail,2020-12-08,Verified
C0401,Manish Iyer,Male,40,Nagpur,Maharashtra,Retail,2020-09-27,Verified
C0402,Sneha Sharma,Female,60,Chennai,Tamil Nadu,Retail,2025-01-31,Verified
C0403,Rohan Singh,Male,66,Indore,Madhya Pradesh,Premium,2020-02-21,Verified
C0404,Rahul Nair,Male,31,Kolkata,West Bengal,Corporate,2022-11-27,Verified
C0405,Anjali Joshi,Female,70,Nagpur,Maharashtra,Premium,2021-04-28,Verified
C0406,Karan Patel,Male,52,Hyderabad,Telangana,Retail,2020-11-11,Verified
C0407,Ritika Gupta,Female,31,Mumbai,Maharashtra,Retail,2024-02-15,Verified
C0408,Neha Mehta,Female,21,Kochi,Kerala,Premium,2025-09-15,Verified
C0409,Rahul Iyer,Male,32,Mumbai,Maharashtra,Retail,2021-09-06,Verified
C0410,Manish Joshi,Male,47,Indore,Madhya Pradesh,Premium,2022-10-13,Verified
C0411,Pooja Verma,Female,32,Lucknow,Uttar Pradesh,Retail,2020-08-03,Verified
C0412,Manish Sharma,Male,70,Ahmedabad,Gujarat,Retail,2023-03-02,Verified
C0413,Aisha Verma,Female,57,Jaipur,Rajasthan,Retail,2023-04-09,Verified
C0414,Shreya Iyer,Female,67,Kolkata,West Bengal,Retail,2022-03-11,Rejected
C0415,Vikram Sharma,Male,61,Patna,Bihar,Retail,2023-11-19,Verified
C0416,Karan Sharma,Male,27,Nagpur,Maharashtra,Premium,2023-06-13,Verified
C0417,Manish Iyer,Male,66,Ahmedabad,Gujarat,Retail,2021-08-06,Verified
C0418,Neha Sharma,Female,65,Patna,Bihar,Retail,2024-08-18,Verified
C0419,Kavya Joshi,Female,25,Delhi,Delhi,Retail,2024-06-03,Verified
C0420,Sandeep Singh,Male,46,Bengaluru,Karnataka,Retail,2023-07-14,Verified
C0421,Aisha Reddy,Female,70,Hyderabad,Telangana,Retail,2021-07-11,Pending
C0422,Vikram Verma,Male,55,Bengaluru,Karnataka,Retail,2021-05-09,Verified
C0423,Sneha Reddy,Female,31,Hyderabad,Telangana,Retail,2021-01-05,Verified
C0424,Shreya Sharma,Female,66,Chennai,Tamil Nadu,Premium,2021-01-08,Verified
C0425,Karan Patel,Male,22,Jaipur,Rajasthan,Retail,2021-12-13,Verified
C0426,Kavya Das,Female,29,Indore,Madhya Pradesh,Retail,2021-02-21,Verified
C0427,Rahul Sharma,Male,46,Bhopal,Madhya Pradesh,Premium,2022-03-22,Verified
C0428,Neha Mehta,Female,25,Lucknow,Uttar Pradesh,Retail,2020-03-30,Verified
C0429,Nikhil Nair,Male,28,Delhi,Delhi,Corporate,2023-09-20,Verified
C0430,Nikhil Sharma,Male,52,Bengaluru,Karnataka,Corporate,2024-06-05,Verified
C0431,Sandeep Singh,Male,38,Ahmedabad,Gujarat,Retail,2022-02-05,Verified
C0432,Kavya Nair,Female,52,Mumbai,Maharashtra,Retail,2023-04-23,Verified
C0433,Ritika Reddy,Female,33,Mumbai,Maharashtra,Retail,2024-09-13,Verified
C0434,Manish Sharma,Male,43,Ahmedabad,Gujarat,Premium,2025-06-08,Verified
C0435,Meera Khan,Female,70,Bengaluru,Karnataka,Retail,2020-04-30,Verified
C0436,Priya Reddy,Female,31,Jaipur,Rajasthan,Retail,2022-08-11,Verified
C0437,Arjun Singh,Male,69,Chennai,Tamil Nadu,Retail,2020-08-17,Verified
C0438,Saurabh Patel,Male,32,Pune,Maharashtra,Corporate,2021-12-12,Rejected
C0439,Saurabh Gupta,Male,66,Nagpur,Maharashtra,Premium,2020-04-25,Verified
C0440,Shreya Mehta,Female,55,Bengaluru,Karnataka,Retail,2025-07-09,Verified
C0441,Anjali Reddy,Female,22,Mumbai,Maharashtra,Retail,2022-06-15,Verified
C0442,Priya Gupta,Female,66,Patna,Bihar,Retail,2023-10-27,Verified
C0443,Karan Sharma,Male,70,Mumbai,Maharashtra,Retail,2021-08-03,Verified
C0444,Manish Gupta,Male,58,Delhi,Delhi,Retail,2024-06-08,Pending
C0445,Karan Khan,Male,61,Pune,Maharashtra,Retail,2024-11-24,Verified
C0446,Aisha Nair,Female,35,Indore,Madhya Pradesh,Corporate,2024-01-01,Verified
C0447,Sandeep Khan,Male,65,Indore,Madhya Pradesh,Premium,2020-01-08,Verified
C0448,Shreya Sharma,Female,61,Bengaluru,Karnataka,Retail,2022-06-23,Pending
C0449,Nikhil Nair,Male,31,Pune,Maharashtra,Premium,2023-08-01,Verified
C0450,Karan Reddy,Male,43,Mumbai,Maharashtra,Retail,2020-10-04,Verified
C0451,Neha Joshi,Female,31,Mumbai,Maharashtra,Retail,2024-09-14,Verified
C0452,Kavya Patel,Female,57,Pune,Maharashtra,Retail,2025-05-17,Verified
C0453,Vikram Reddy,Male,41,Delhi,Delhi,Premium,2020-03-23,Verified
C0454,Neha Verma,Female,56,Pune,Maharashtra,Retail,2020-11-03,Verified
C0455,Karan Mehta,Male,62,Lucknow,Uttar Pradesh,Premium,2024-11-01,Verified
C0456,Saurabh Patel,Male,47,Bengaluru,Karnataka,Retail,2022-02-17,Verified
C0457,Pooja Khan,Female,30,Chennai,Tamil Nadu,Retail,2025-07-03,Verified
C0458,Karan Sharma,Male,33,Ahmedabad,Gujarat,Retail,2025-05-21,Verified
C0459,Rahul Iyer,Male,28,Bengaluru,Karnataka,Retail,2025-04-23,Rejected
C0460,Meera Reddy,Female,32,Kolkata,West Bengal,Premium,2024-05-06,Verified
C0461,Meera Gupta,Female,37,Bengaluru,Karnataka,Retail,2025-03-19,Verified
C0462,Rohan Mehta,Male,26,Mumbai,Maharashtra,Retail,2021-01-31,Verified
C0463,Ritika Patel,Female,54,Nagpur,Maharashtra,Retail,2024-05-04,Verified
C0464,Ritika Singh,Female,51,Bhopal,Madhya Pradesh,Corporate,2022-08-23,Verified
C0465,Neha Patel,Female,57,Patna,Bihar,Premium,2025-10-17,Verified
C0466,Amit Reddy,Male,33,Bengaluru,Karnataka,Corporate,2022-05-17,Verified
C0467,Rahul Patel,Male,59,Delhi,Delhi,Corporate,2021-08-28,Verified
C0468,Aisha Joshi,Female,56,Patna,Bihar,Premium,2024-06-15,Verified
C0469,Pooja Das,Female,47,Kolkata,West Bengal,Corporate,2025-11-10,Verified
C0470,Sandeep Nair,Male,27,Bengaluru,Karnataka,Retail,2021-02-14,Verified
C0471,Rohan Das,Male,62,Patna,Bihar,Retail,2024-04-17,Verified
C0472,Shreya Mehta,Female,60,Kolkata,West Bengal,Retail,2021-08-12,Verified
C0473,Priya Patel,Female,68,Patna,Bihar,Premium,2020-07-20,Verified
C0474,Pooja Gupta,Female,38,Mumbai,Maharashtra,Retail,2023-06-27,Verified
C0475,Neha Iyer,Female,38,Bengaluru,Karnataka,Retail,2023-08-07,Verified
C0476,Shreya Singh,Female,68,Delhi,Delhi,Retail,2024-07-25,Verified
C0477,Ritika Gupta,Female,40,Bhopal,Madhya Pradesh,Retail,2020-09-25,Verified
C0478,Anjali Das,Female,24,Patna,Bihar,Retail,2022-04-02,Verified
C0479,Rahul Reddy,Male,44,Mumbai,Maharashtra,Corporate,2023-01-27,Verified
C0480,Ritika Patel,Female,44,Kochi,Kerala,Corporate,2022-09-17,Verified
C0481,Shreya Reddy,Female,43,Bengaluru,Karnataka,Corporate,2023-12-03,Verified
C0482,Rohan Joshi,Male,24,Bhopal,Madhya Pradesh,Premium,2024-05-02,Verified
C0483,Saurabh Iyer,Male,38,Bhopal,Madhya Pradesh,Retail,2022-04-26,Verified
C0484,Ritika Sharma,Female,51,Bhopal,Madhya Pradesh,Premium,2020-02-06,Verified
C0485,Vikram Mehta,Male,66,Nagpur,Maharashtra,Retail,2023-06-05,Verified
C0486,Meera Patel,Female,40,Bhopal,Madhya Pradesh,Retail,2025-03-26,Verified
C0487,Shreya Verma,Female,56,Mumbai,Maharashtra,Retail,2024-03-12,Verified
C0488,Pooja Singh,Female,61,Delhi,Delhi,Retail,2023-02-06,Verified
C0489,Pooja Khan,Female,33,Kochi,Kerala,Premium,2023-05-08,Pending
C0490,Manish Iyer,Male,63,Patna,Bihar,Retail,2024-07-13,Verified
C0491,Anjali Joshi,Female,47,Mumbai,Maharashtra,Premium,2022-11-28,Rejected
C0492,Meera Joshi,Female,42,Mumbai,Maharashtra,Retail,2022-02-16,Rejected
C0493,Manish Singh,Male,53,Nagpur,Maharashtra,Retail,2024-01-08,Pending
C0494,Anjali Singh,Female,29,Patna,Bihar,Retail,2025-04-12,Verified
C0495,Ritika Nair,Female,43,Kochi,Kerala,Premium,2022-06-29,Verified
C0496,Rohan Patel,Male,50,Nagpur,Maharashtra,Premium,2023-04-19,Verified
C0497,Nikhil Sharma,Male,51,Bhopal,Madhya Pradesh,Retail,2020-10-18,Verified
C0498,Manish Verma,Male,24,Bhopal,Madhya Pradesh,Premium,2024-08-19,Verified
C0499,Vikram Iyer,Male,30,Pune,Maharashtra,Retail,2025-02-17,Verified
C0500,Anjali Verma,Female,61,Kolkata,West Bengal,Retail,2023-07-07,Rejected
